{
  "logistic_regression": {
    "accuracy": 0.9696969696969697,
    "precision": 0.9787234042553191,
    "recall": 0.9583333333333334,
    "f1": 0.968421052631579
  },
  "naive_bayes": {
    "accuracy": 0.9797979797979798,
    "precision": 0.9791666666666666,
    "recall": 0.9791666666666666,
    "f1": 0.9791666666666666
  },
  "primary_model": "logistic_regression",
  "n_train": 297,
  "n_test": 99,
  "confusion_matrix_logreg": [
    [
      50,
      1
    ],
    [
      2,
      46
    ]
  ],
  "train_label_counts": {
    "not_depressed": 151,
    "depressed": 146
  },
  "test_label_counts": {
    "not_depressed": 51,
    "depressed": 48
  }
}